cluster	entry_ID
338_0	338_0
338_0	485_0
338_0	4873_0
338_0	4968_0
338_0	5358_0
338_0	5359_0
338_0	BPTI
434_0	434_0
434_0	435_0
434_0	IL1B
968_0	968_0
968_0	969_0
968_0	970_0
968_0	971_0
968_0	4578_0
968_0	10132_0
968_0	10133_0
1657_0	1657_0
1657_0	4012_0
1657_0	50407_0
1657_0	50408_0
1657_0	51163_0
1657_0	RNASEHI
1658_0	1658_0
1812_0	1812_0
1812_0	1813_0
1812_0	17700_0
1812_0	TRX
2410_0	2410_0
2410_0	6612_0
2410_0	11569_0
2410_0	15945_0
2410_0	18876_0
2410_0	18755_0
2506_0	2506_0
3322_0	3322_0
3440_0	3440_0
3440_0	4083_0
3440_0	4472_0
3440_0	CHEY_CPMG
4040_0	4040_0
4042_0	4042_0
4044_0	4044_0
4045_0	4045_0
4047_0	4047_0
4050_0	4050_0
4050_0	4051_0
4050_0	5600_1
4068_0	4068_0
4068_0	4864_0
4068_0	4865_0
4068_0	5472_0
4068_0	5473_0
4068_0	5518_0
4068_0	5519_0
4068_0	5518
4069_0	4069_0
4069_0	4278_0
4069_0	4494_0
4069_0	15654_0
4069_0	34408_0
4070_0	4070_0
4076_0	4076_0
4076_0	4367_0
4078_0	4078_0
4079_0	4079_0
4079_0	11429_0
4079_0	11532_0
4079_0	18709_0
4079_0	HMG1A
4089_0	4089_0
4089_0	5404_0
4089_0	6142_0
4090_0	4090_0
4107_0	4107_0
4107_0	4108_0
4107_0	4296_0
4107_0	CSPA
4110_0	4110_0
4116_0	4116_0
4116_0	4115_0
4117_0	4117_0
4121_0	4121_0
4130_0	4130_0
4130_0	4131_0
4130_0	4602_0
4130_0	4803_0
4130_0	4804_0
4130_0	4805_0
4130_0	4806_0
4130_0	4807_0
4130_0	4808_0
4130_0	4809_0
4130_0	4810_0
4130_0	5745_0
4130_0	6921_0
4130_0	36070_0
4144_0	4144_0
4152_0	4152_0
4152_0	4193_0
4152_0	4350_0
4152_0	5720_0
4152_0	5746_0
4152_0	18683_0
4152_0	18686_0
4152_0	18687_0
4152_0	19089_0
4152_0	19090_0
4152_0	19091_0
4152_0	19092_0
4152_0	19093_0
4152_0	25353_0
4152_0	25357_0
4152_0	25360_0
4152_0	25361_0
4152_0	25628_0
4152_0	25629_0
4152_0	26999_0
4152_0	27000_0
4152_0	27001_0
4152_0	27004_0
4152_0	27005_0
4152_0	27007_0
4152_0	27008_0
4152_0	27010_0
4152_0	27954_0
4152_0	ECOADK
4158_0	4158_0
4165_0	4165_0
4165_0	4160_0
4199_0	4199_0
4206_0	4206_0
4215_0	4215_0
4217_0	4217_0
4223_0	4223_0
4236_0	4236_0
4237_0	4237_0
4249_0	4249_0
4249_0	27131_0
4256_0	4256_0
4256_0	4254_0
4262_0	4262_0
4262_0	5396_0
4262_0	7196_0
4262_0	7199_0
4262_0	7200_0
4262_0	17125_0
4262_0	17310_0
4262_0	17311_0
4265_0	4265_0
4297_0	4297_0
4297_0	4075_0
4297_0	5122_0
4301_0	4301_0
4302_0	4302_0
4302_0	11114_0
4318_0	4318_0
4321_0	4321_0
4329_0	4329_0
4331_0	4331_0
4334_0	4334_0
4345_0	4345_0
4345_0	4339_0
4348_0	4348_0
4352_0	4352_0
4352_0	4293_0
4369_0	4369_0
4373_0	4373_0
4374_0	4374_0
4376_0	4376_0
4378_0	4378_0
4378_0	6942_0
4378_0	16334_0
4378_0	16726_0
4382_0	4382_0
4391_0	4391_0
4394_0	4394_0
4395_0	4395_0
4396_0	4396_0
4402_0	4402_0
4402_0	26958_0
4402_0	51006_0
4402_0	51007_0
4405_0	4405_0
4411_0	4411_0
4424_0	4424_0
4428_0	4428_0
4428_0	17698_0
4428_0	VILHP
4431_0	4431_0
4437_0	4437_0
4438_0	4438_0
4449_0	4449_0
4452_0	4452_0
4454_1	4454_1
4486_0	4486_0
4497_0	4497_0
4497_0	4599_0
4497_0	27395_0
4497_0	36077_0
4497_0	36078_0
4510_0	4510_0
4519_0	4519_0
4527_0	4527_0
4527_0	4528_0
4527_0	5303_0
4527_0	25124_0
4527_0	25125_0
4527_0	4762
4559_0	4559_0
4560_0	4560_0
4571_0	4571_0
4590_0	4590_0
4593_0	4593_0
4600_0	4600_0
4600_0	4498_0
4619_0	4619_0
4622_0	4622_0
4648_0	4648_0
4674_0	4674_0
4677_0	4677_0
4678_0	4678_0
4680_0	4680_0
4688_0	4688_0
4689_0	4689_0
4689_0	25029_0
4689_0	4689
4697_0	4697_0
4700_1	4700_1
4704_0	4704_0
4716_0	4716_0
4717_0	4717_0
4727_0	4727_0
4729_0	4729_0
4740_0	4740_0
4742_0	4742_0
4742_0	4588_0
4758_0	4758_0
4765_0	4765_0
4768_0	4768_0
4768_0	18615_0
4773_0	4773_0
4775_0	4775_0
4777_0	4777_0
4777_0	4471_0
4782_0	4782_0
4784_0	4784_0
4786_0	4786_0
4786_0	4785_0
4787_0	4787_0
4791_0	4791_0
4792_0	4792_0
4797_0	4797_0
4818_0	4818_0
4819_0	4819_0
4833_0	4833_0
4834_0	4834_0
4840_0	4840_0
4843_0	4843_0
4843_0	5004_0
4843_0	IL13
4870_0	4870_0
4870_0	15930_0
4870_0	15936_0
4870_0	15975_0
4871_0	4871_0
4878_0	4878_0
4879_0	4879_0
4879_0	16270_0
4879_0	19624_0
4879_0	19826_0
4879_0	34379_0
4896_0	4896_0
4898_0	4898_0
4898_0	4579_0
4901_0	4901_0
4901_0	11578_1
4901_0	11594_1
4901_0	36013_1
4901_0	36101_1
4908_0	4908_0
4908_0	11102_0
4911_0	4911_0
4911_0	4305_0
4911_0	4912_0
4911_0	4931_0
4911_0	6096_0
4911_0	15076_0
4911_0	15077_0
4911_0	15078_0
4911_0	15953_0
4911_0	16847_0
4911_0	17692_0
4915_0	4915_0
4918_0	4918_0
4933_0	4933_0
4933_0	4930_0
4935_0	4935_0
4956_0	4956_0
4958_0	4958_0
4959_0	4959_0
4961_0	4961_0
4961_0	4558_0
4965_0	4965_0
4973_0	4973_0
4974_0	4974_0
4974_0	51230_0
4974_0	51234_0
4974_0	51235_0
4974_0	51236_0
4974_0	51230
4974_0	4926_0
4977_0	4977_0
4978_0	4978_0
4984_0	4984_0
4996_0	4996_0
4998_0	4998_0
4999_0	4999_0
5009_0	5009_0
5009_0	5008_0
5012_0	5012_0
5022_0	5022_0
5040_0	5040_0
5047_0	5047_0
5051_0	5051_0
5059_0	5059_0
5060_0	5060_0
5062_0	5062_0
5070_0	5070_0
5077_0	5077_0
5081_0	5081_0
5081_0	4309_0
5084_0	5084_0
5084_0	5085_0
5093_0	5093_0
5094_0	5094_0
5104_0	5104_0
5105_0	5105_0
5107_0	5107_0
5129_0	5129_0
5145_0	5145_0
5145_0	4938_0
5147_0	5147_0
5161_0	5161_0
5162_0	5162_0
5165_0	5165_0
5177_0	5177_0
5177_0	6004_0
5177_0	30877_0
5186_0	5186_0
5186_0	5185_0
5190_0	5190_0
5191_0	5191_0
5194_0	5194_0
5194_0	17838_0
5199_0	5199_0
5200_0	5200_0
5202_0	5202_0
5203_0	5203_0
5204_0	5204_0
5228_1	6874_0
5232_0	5232_0
5238_0	5238_0
5249_0	5249_0
5249_0	5260_0
5249_0	5271_0
5261_0	5261_0
5262_0	5262_0
5263_0	5263_0
5267_0	5267_0
5269_0	5269_0
5272_0	5272_0
5272_0	6880_0
5272_0	6881_0
5275_0	5275_0
5294_0	5294_0
5300_0	5300_0
5304_0	5304_0
5306_0	5306_0
5306_0	5327_0
5306_1	5306_1
5306_1	5327_1
5306_1	5788_1
5306_1	5987_1
5306_1	6268_0
5306_1	16014_0
5306_1	18650_0
5306_1	50865_0
5306_1	50867_0
5308_0	5308_0
5309_0	5309_0
5312_0	5312_0
5313_0	5313_0
5315_0	5315_0
5315_0	5389_0
5316_0	5316_0
5323_0	5323_0
5334_0	5334_0
5334_0	4649_0
5335_0	5335_0
5345_0	5345_0
5345_0	4813_0
5345_0	5791_0
5345_0	7354_1
5347_0	5347_0
5347_0	4093_0
5347_0	4097_0
5347_0	5931_0
5347_0	26718_0
5347_0	27825_0
5347_0	27826_0
5350_0	5350_0
5352_0	5352_0
5355_0	5355_0
5355_0	27858_0
5363_0	5363_0
5363_0	4033_0
5363_0	4034_0
5366_0	5366_0
5374_0	5374_0
5382_0	5382_0
5386_0	5386_0
5386_0	5975_0
5386_0	17103_0
5386_0	19789_0
5386_0	25495_0
5386_0	25797_0
5391_0	5391_0
5393_0	5393_0
5397_1	5397_1
5408_0	5408_0
5465_0	5465_0
5465_0	5951_0
5465_0	6158_0
5468_0	5468_0
5482_0	5482_0
5483_0	5483_0
5485_0	5485_0
5498_1	5498_1
5508_0	5508_0
5508_0	5507_0
5508_0	5509_0
5508_0	5510_0
5508_0	25986_0
5508_0	25987_0
5508_0	27515_0
5513_0	5513_0
5513_0	7307_0
5513_0	7308_0
5521_1	5521_1
5521_1	5520_1
5522_0	5522_0
5522_0	11311_0
5522_0	18466_0
5522_0	18467_0
5522_0	25425_0
5524_0	5524_0
5539_0	5539_0
5545_0	5545_0
5547_0	5547_0
5558_0	5558_0
5568_0	5568_0
5573_0	5573_0
5573_0	5572_0
5577_0	5577_0
5577_0	5576_0
5589_0	5589_0
5592_0	5592_0
5593_0	5593_0
5595_0	5595_0
5596_0	5596_0
5597_0	5597_0
5597_0	5172_0
5601_2	5601_2
5601_2	5601_1
5602_0	5602_0
5603_0	5603_0
5605_0	5605_0
5615_0	5615_0
5616_0	5616_0
5623_0	5623_0
5626_0	5626_0
5628_0	5628_0
5650_0	5650_0
5657_0	5657_0
5662_0	5662_0
5662_0	5663_0
5668_0	5668_0
5668_0	5398_0
5669_0	5669_0
5682_0	5682_0
5685_1	5685_1
5685_1	16296_0
5688_0	5688_0
5695_0	5695_0
5700_0	5700_0
5700_0	11012_0
5700_0	26551_0
5701_0	5701_0
5704_0	5704_0
5721_0	5721_0
5743_0	5743_0
5750_0	5750_0
5753_0	5753_0
5758_0	5758_0
5763_0	5763_0
5771_0	5771_0
5779_0	5779_0
5788_0	5788_0
5794_0	5794_0
5797_0	5797_0
5799_0	5799_0
5800_0	5800_0
5802_0	5802_0
5805_0	5805_0
5807_0	5807_0
5817_0	5817_0
5827_0	5827_0
5827_0	5828_0
5827_0	5829_0
5827_0	5830_0
5827_0	17847_0
5827_0	17848_0
5827_0	25418_0
5827_0	25420_0
5827_0	25422_0
5827_0	25907_0
5827_0	25908_0
5827_0	26578_0
5827_0	26973_0
5827_0	27254_0
5827_0	27556_0
5833_0	5833_0
5836_0	5836_0
5845_0	5845_0
5853_0	5853_0
5860_0	5860_0
5868_0	5868_0
5871_0	5871_0
5874_0	5874_0
5878_0	5878_0
5879_0	5879_0
5880_0	5880_0
5884_0	5884_0
5885_0	5885_0
5892_0	5892_0
5894_0	5894_0
5901_0	5901_0
5904_0	5904_0
5920_0	5920_0
5929_0	5929_0
5930_0	5930_0
5936_0	5936_0
5943_0	5943_0
5950_0	5950_0
5970_0	5970_0
5974_0	5974_0
5977_0	5977_0
5983_0	5983_0
5987_0	5987_0
6003_0	6003_0
6005_0	6005_0
6008_0	6008_0
6008_0	6007_0
6010_0	6010_0
6010_0	6324_0
6012_0	6012_0
6014_0	6014_0
6019_0	6019_0
6019_0	5226_0
6030_0	6030_0
6030_0	6029_0
6031_0	6031_0
6032_0	6032_0
6032_0	6071_0
6032_0	6283_0
6033_0	6033_0
6033_0	10134_0
6033_0	10135_0
6033_0	25389_0
6033_0	25390_0
6034_0	6034_0
6035_0	6035_0
6043_0	6043_0
6045_0	6045_0
6047_0	6047_0
6051_0	6051_0
6052_0	6052_0
6053_0	6053_0
6058_0	6058_0
6061_0	6061_0
6069_0	6069_0
6093_0	6093_0
6093_0	5903_0
6098_0	6098_0
6099_0	6099_0
6110_0	4910_0
6111_0	6111_0
6117_0	6117_0
6125_0	6125_0
10316_0	10316_0
10324_0	10324_0
10324_0	10142_0
10336_0	10336_0
11013_0	11013_0
11019_0	17067_1
11024_0	15378_0
11028_0	11028_0
11028_0	11064_0
11028_0	26913_0
11029_0	11029_0
11030_0	11030_0
11036_0	11036_0
11041_0	11041_0
11051_0	11051_0
11051_0	4831_0
11051_0	7135_0
11051_0	7136_0
11051_0	11052_0
11051_0	11459_0
11051_0	11460_0
11051_0	11461_0
11051_0	11462_0
11051_0	15198_0
11051_0	18365_0
11051_0	18366_0
11051_0	18367_0
11051_0	18368_0
11051_0	18369_0
11051_0	18370_0
11051_0	LYSZ
11054_0	11054_0
11057_0	11057_0
11060_0	11060_0
11080_0	11080_0
11080_0	18864_0
11080_0	11080
11083_0	11083_0
11093_0	11093_0
11096_0	11096_0
10216_0	10216_0
10216_0	10185_0
10220_0	10220_0
10251_0	10251_0
10257_0	10257_0
10265_0	10265_0
10274_0	10274_0
10290_0	10290_0
10293_0	10293_0
10108_0	10108_0
10109_0	10109_0
10110_0	10110_0
10113_0	10113_0
10121_0	10121_0
10137_0	10137_0
10137_0	11062_0
10137_0	16874_0
10137_0	18473_0
10137_0	51128_0
10140_0	10140_0
10140_0	10139_0
10144_0	10144_0
10144_0	10145_0
10159_0	10159_0
50196_0	50196_0
50203_0	50203_0
50204_0	50204_0
50210_0	50210_0
50214_0	50214_0
50231_0	50231_0
50235_0	50235_0
50238_0	50238_0
50250_0	50250_0
50253_0	50253_0
50253_0	19114_0
50256_0	50256_0
50261_0	50261_0
50261_0	50241_0
50269_0	50269_0
50270_0	50270_0
50314_0	50314_0
50326_0	50326_0
50328_0	50328_0
50328_0	50360_0
50329_0	50329_0
50361_0	50361_0
50362_0	50362_0
50362_0	34344_0
50371_0	50371_0
50391_0	50391_0
50391_0	34534_0
50392_0	50392_0
50401_0	50401_0
50404_0	50404_0
50411_0	50411_0
50411_0	4136_0
50425_0	50425_0
50427_0	50427_0
50443_0	50443_0
50443_0	36426_0
50446_0	50446_0
50454_0	50454_0
50454_0	50455_0
50454_0	50456_0
50454_0	50457_0
50454_0	50458_0
50454_0	50459_0
50454_0	50460_0
50454_0	50461_0
50465_0	50465_0
50469_0	50469_0
50470_0	50470_0
50477_0	50477_0
50478_0	50478_0
50507_0	50507_0
50512_0	50512_0
50516_0	50516_0
50516_0	15618_0
50516_0	15469_0
50517_0	50517_0
50518_0	50518_0
50524_0	50524_0
50524_0	28061_0
50526_1	50526_1
50540_0	50540_0
50540_1	50540_1
50545_0	50545_0
50545_0	27034_0
50548_1	50548_1
50548_1	18165_0
50550_0	50550_0
50550_0	4384_0
50574_0	50574_0
50576_0	50576_0
50576_0	50476_0
50593_0	50593_0
50595_0	50595_0
50612_0	50612_0
50618_0	50618_0
50618_0	50619_0
50618_0	51710_0
50621_0	50621_0
50621_0	50513_0
50621_0	50622_0
50621_0	50725_0
50627_0	50628_0
50680_0	50680_0
50687_0	50687_0
50697_0	50697_0
50697_0	50733_0
50697_0	50735_0
50701_0	50701_0
50711_0	50711_0
50712_0	50712_0
50712_0	34409_0
50734_0	50734_0
50734_0	50745_0
50734_0	50734
50737_0	50737_0
50738_0	50738_0
50740_0	50740_0
50747_0	50747_0
50752_0	50752_0
50766_0	50766_0
50771_0	50771_0
50772_0	50772_0
50776_0	50776_0
50782_0	50782_0
50783_0	50783_0
50784_0	50784_0
50785_0	50785_0
50787_0	50787_0
50793_0	50793_0
50795_0	50795_0
50796_0	50796_0
50797_0	50797_0
50803_0	50803_0
50865_1	50865_1
50865_1	50866_0
50865_1	50867_1
50887_0	50887_0
50888_0	50888_0
50890_0	50890_0
50906_0	50906_0
50906_0	27475_0
50907_0	50907_0
50908_0	50908_0
50909_0	50909_0
50909_0	7280_0
50909_0	5654_0
50909_0	5875_0
50909_0	15283_0
50909_0	15380_0
50909_0	16627_0
50909_0	16873_0
50909_0	17810_0
50909_0	18397_0
50909_0	18531_0
50909_0	25909_0
50909_0	25910_0
50909_0	26630_0
50909_0	26632_0
50909_0	26716_0
50909_0	27030_0
50909_0	27031_0
50909_0	27032_0
50909_0	30088_0
50909_0	30220_0
50909_0	30221_0
50909_0	30222_0
50909_0	30223_0
50909_0	30532_0
50909_0	50910_0
50909_0	5839
50916_0	50916_0
50920_0	50920_0
50940_0	50940_0
50944_0	50944_0
50953_0	50953_0
50961_0	50961_0
50962_0	50962_0
50970_0	50970_0
50970_0	26657_0
50970_0	50393_0
50970_0	50394_0
50970_0	50395_0
50970_0	50396_0
50970_0	50397_0
50970_0	50971_0
50997_0	50997_0
51011_0	51011_0
51016_0	51016_0
51016_0	51015_0
51019_0	51019_0
51019_0	51018_0
51021_0	51021_0
51021_0	27307_0
51029_0	51029_0
51033_0	51033_0
51038_0	51038_0
51054_0	51054_0
51056_0	51056_0
51056_0	51055_0
51059_0	51059_0
51059_0	25224_0
51067_0	51067_0
51068_0	51068_0
51069_0	51069_0
51072_0	51072_0
51078_0	51078_0
51083_0	51083_0
51087_0	51087_0
51090_0	51090_0
51091_0	51091_0
51096_0	51096_0
51102_0	51102_0
51104_0	51104_0
51106_0	51106_0
51111_0	51111_0
51112_0	51112_0
51113_0	51113_0
51114_0	51114_0
51116_0	51116_0
51118_0	51118_0
51118_0	51117_0
51121_0	51121_0
51121_0	5744_0
51121_0	6968_0
51121_0	16342_0
51121_0	16904_0
51121_0	16939_0
51121_0	17648_0
51121_0	17649_0
51121_0	17654_0
51121_0	17910_0
51121_0	18207_0
51121_0	18208_0
51121_0	18232_0
51121_0	18857_0
51121_0	19257_0
51121_0	19337_0
51121_0	19338_0
51121_0	19344_0
51121_0	19345_0
51121_0	19346_0
51121_0	19347_0
51121_0	19348_0
51121_0	19349_0
51121_0	19350_0
51121_0	25227_0
51121_0	25228_0
51121_0	25518_0
51121_0	25535_0
51121_0	26557_0
51121_0	26890_0
51121_0	27074_0
51121_0	27076_0
51121_0	27348_0
51121_0	27586_0
51121_0	27796_0
51121_0	27900_0
51121_0	27901_0
51121_0	28045_0
51121_0	50746_0
51121_0	50852_0
51121_0	50895_0
51121_0	50896_0
51121_0	51120_0
51132_0	51132_0
51135_0	51135_0
51147_0	51147_0
51149_1	19080_1
51172_0	51172_0
51175_0	51175_0
51186_0	51186_0
51198_0	51198_0
51198_0	51200_0
51198_0	51202_0
51201_0	51201_0
51205_0	51205_0
51205_0	51204_0
51205_0	51207_0
51208_0	51208_0
51210_0	51210_0
51210_0	51209_0
51211_0	51211_0
51231_0	51231_0
51237_0	51237_0
51237_0	27498_0
51254_0	51254_0
51255_0	51255_0
51258_0	51258_0
51281_0	51281_0
51282_0	51282_0
51286_0	51286_0
51288_0	51288_0
51297_0	51297_0
51301_0	51301_0
51315_0	51315_0
51316_0	51316_0
51317_0	51317_0
51318_0	51318_0
51324_0	51324_0
51324_0	27473_0
51335_0	51335_0
51335_0	15274_0
51335_0	51334_0
51339_0	51339_0
51339_0	30901_0
51339_0	51338_0
51340_0	51340_0
51351_0	51351_0
51351_0	51356_0
51351_0	51358_0
51353_0	51353_0
51354_0	51354_0
51355_0	51355_0
51359_0	51359_0
51360_0	51360_0
51362_0	51362_0
51376_0	51376_0
51381_0	51381_0
51391_0	51391_0
51391_0	51284_0
51397_0	51397_0
51397_0	51396_0
51404_0	51404_0
51404_0	12032_0
51404_0	16376_0
51404_0	27539_0
51404_0	27541_0
51404_0	51403_0
51406_0	51406_0
51421_0	51421_0
51421_0	51420_0
51427_0	51427_0
51439_0	51439_0
51448_0	51448_0
18779_0	18779_0
18782_0	18782_0
18803_0	18803_0
18806_0	18806_0
18808_0	18808_0
18808_1	18808_1
18808_1	19034_0
18812_0	18812_0
18820_0	18820_0
18823_0	18823_0
18828_0	18828_0
18841_0	18841_0
18842_1	18842_1
18843_0	18843_0
18867_0	18867_0
18867_0	19644_0
18867_0	19645_0
18867_0	19648_0
18867_0	19649_0
18877_0	18877_0
18884_0	18884_0
18884_0	19650_0
18884_0	19651_0
18889_0	18889_0
18895_0	18895_0
18899_0	18899_0
18906_0	18906_0
18912_0	18912_0
18920_0	18920_0
18933_0	18933_0
18933_0	5010_0
18943_0	18943_0
18945_0	18945_0
18947_0	18947_0
18949_0	18949_0
18949_0	7091_0
18951_0	18951_0
18953_0	18953_0
18956_0	18956_0
18961_0	18961_0
18966_0	18966_0
18967_0	18967_0
18980_0	18980_0
18980_0	4781_1
18982_1	18982_1
18990_0	18990_0
18993_0	18993_0
19001_0	19001_0
19007_0	19007_0
19023_0	19023_0
19025_0	19025_0
19025_0	17937_0
19025_0	17938_0
19025_0	19031_0
19025_0	25005_0
19027_0	19027_0
19029_0	19029_0
19037_0	19037_0
19042_0	19042_0
19045_0	19045_0
19055_0	19055_0
19055_0	15225_0
19066_0	19066_0
19066_0	19256_0
19066_0	26541_0
19067_0	19067_0
19078_0	19078_0
19082_0	19082_0
19087_0	19087_0
19106_0	19106_0
19107_0	19107_0
19111_0	19111_0
19135_0	19135_0
19143_0	19143_0
19145_0	19145_0
19145_0	19144_0
19146_0	19146_0
19147_0	19147_0
19148_0	19148_0
19149_0	19149_0
19156_0	19156_0
19160_0	19160_0
19160_0	4098_0
19160_0	15429_0
19160_0	15433_0
19160_0	15434_0
19160_0	17302_0
19160_0	17303_0
19160_0	19188_0
19160_0	19189_0
19160_0	25333_0
19160_0	27129_0
19160_0	27136_0
19160_0	27509_0
19160_0	27510_0
19160_0	30477_0
19160_0	19189
19163_0	19163_0
19163_0	18190_0
19165_0	19165_0
19165_0	27693_0
19165_0	36045_0
19165_0	50437_0
19168_0	19168_0
19171_0	19171_0
19178_0	19178_0
19179_0	19179_0
19191_0	19191_0
19211_0	19211_0
19211_0	5117_0
19211_0	5948_0
19211_0	5949_0
19211_0	17963_0
19211_0	19210_0
19211_0	19212_0
19217_0	19217_0
19221_0	19221_0
19230_0	19230_0
19230_1	19230_1
19234_0	19234_0
19234_0	19233_0
19235_0	19235_0
19244_0	19244_0
19246_0	19246_0
19251_0	19251_0
19253_0	19253_0
19267_0	19267_0
19270_0	19270_0
19282_0	19282_0
19283_0	19283_0
19288_0	19288_0
19312_0	19312_0
19314_0	19314_0
19315_0	19315_0
19317_0	19317_0
19317_0	18124_0
19318_0	19318_0
19321_0	19321_0
19322_0	19322_0
19322_1	19322_1
19329_0	19329_0
19330_0	19330_0
19333_0	19333_0
19335_0	19335_0
19335_0	16803_0
19335_0	17453_0
19335_0	19336_0
19335_0	26991_0
19335_0	34232_1
19335_0	19335
19354_0	19354_0
19357_0	19357_0
19357_0	19358_0
19357_0	27102_0
19357_0	27103_0
19363_0	19363_0
19363_0	19362_0
19364_0	19364_0
19365_0	19365_0
19365_0	26970_0
19365_0	26971_0
19365_0	34036_0
19366_0	19366_0
19366_0	19367_0
19366_0	34172_0
19368_0	19368_0
19370_0	19370_0
19370_0	4581_0
19370_0	6699_0
19370_0	16340_0
19370_0	19369_0
19370_0	19371_0
19370_0	CD9K
19372_0	19372_0
19380_0	19380_0
19390_0	19390_0
19392_0	19392_0
19403_0	19403_0
19404_0	19404_0
19415_0	19415_0
19415_0	18898_0
19419_0	19419_0
19421_0	19421_0
19421_0	5706_0
19421_0	19422_0
19427_0	19427_0
19429_0	19429_0
19429_0	19428_0
19436_0	19436_0
19438_0	19438_0
19442_0	19442_0
19443_0	19443_0
19443_0	4380_0
19444_0	19444_0
19444_0	19439_0
19451_0	19451_0
19453_0	19453_0
19458_0	19458_0
19458_0	6149_0
19460_0	19460_0
19464_0	19464_0
19477_0	19477_0
19478_0	19478_0
19479_0	19479_0
19496_0	19496_0
19510_0	19510_0
19510_0	18018_0
19523_0	19523_0
19526_0	19526_0
19530_0	19530_0
19540_0	19540_0
19542_0	19542_0
19544_0	19544_0
19544_0	15257_1
19544_0	19546_0
19544_0	19547_0
19544_0	19548_0
19544_0	19549_0
19553_0	19553_0
19554_0	19554_0
19563_0	19563_0
19563_0	5981_0
19563_0	19564_0
19563_0	19565_0
19563_0	19566_0
19563_0	19567_0
19569_0	19569_0
19596_0	19596_0
19598_0	19598_0
19604_1	19604_1
19610_0	19610_0
19613_0	19613_0
19615_0	19615_0
19615_0	19616_0
19615_0	19743_0
19615_0	19744_0
19618_0	19618_0
19621_0	19621_0
19626_0	19626_0
19628_0	19628_0
19632_0	19632_0
19633_0	19633_0
19646_0	19646_0
51475_0	51475_0
51478_0	51478_0
51478_0	34717_0
51479_0	51479_0
51483_0	51483_0
51485_0	51485_0
51486_0	51486_0
51488_0	51488_0
51495_0	51495_0
51503_0	51503_0
51503_0	51502_0
51504_0	51504_0
51508_0	51508_0
51508_0	15313_0
51522_0	51522_0
51534_0	51534_0
51565_0	51565_0
51566_0	51566_0
51598_0	51598_0
51603_0	51603_0
51603_0	51604_0
51603_0	51605_0
51624_1	51624_1
51625_0	51625_0
51638_0	51638_0
51649_0	51649_0
51650_0	51650_0
51688_0	51688_0
51689_0	51689_0
51717_0	51717_0
51731_0	51731_0
51756_0	51756_0
51758_0	51758_0
51779_0	51779_0
51779_0	51402_0
51780_0	51780_0
51782_0	51782_0
51786_0	51786_0
51792_0	51792_0
51793_0	51793_0
51812_0	51812_0
51827_0	51827_0
27011	27011
27011	34089_0
28132	28132
28132	28132_0
ACRIIA4	ACRIIA4
ACRIIA4	36085_0
BINASE	BINASE
BINASE	4964_0
IFNAR2	IFNAR2
IFNAR2	5049_0
OMP	OMP
OMP	4735_0
RFAHTD	RFAHTD
MK12	MK12
CDNFCT	CDNFCT
UVRDTD	UVRDTD
MFDTD	MFDTD
MFDTD	50219_0
CDNFSP	CDNFSP
CDNFSP	18269_0
ISDHN2	ISDHN2
6838	6838
6838	6838_0
19830_0	19830_0
19834_0	19834_0
19835_1	19835_1
19835_1	19836_1
19835_1	19837_1
19835_1	27239_0
19841_0	19841_0
19843_0	19843_0
19848_0	19848_0
19851_0	19851_0
19855_0	19855_0
19855_0	19084_0
19860_0	19860_0
19866_0	19866_0
19876_0	19876_0
19885_0	19885_0
19885_0	19083_0
19908_0	19908_0
19908_0	19907_0
19921_0	19921_0
19921_0	5284_0
19921_0	5285_0
19921_0	6134_0
19921_0	7356_0
19921_0	7357_0
19921_0	15082_0
19921_0	19727_0
19941_0	19941_0
19943_0	19943_0
19943_0	17137_0
19943_0	25085_0
19943_0	34009_0
19945_0	19945_0
19949_0	19949_0
19949_0	19948_0
19955_0	19955_0
19957_0	19957_0
19959_0	19959_0
19963_0	19963_0
19966_0	19966_0
19971_0	19971_0
19974_0	19974_0
19974_0	17957_0
19977_0	19977_0
19977_0	19891_0
19977_0	25111_0
19984_0	19984_0
19985_0	19985_0
19988_0	19988_0
19996_0	19996_0
19996_0	25021_0
19996_0	26587_0
19996_0	26588_0
19999_0	19999_0
25002_0	25002_0
25010_0	25010_0
25010_0	25007_0
25024_0	25024_0
25025_0	25025_0
25026_0	25026_0
25028_0	25028_0
25030_0	25030_0
25037_0	25037_0
25043_0	25043_0
25043_0	25040_0
25046_0	25046_0
25046_0	19297_0
25046_0	27854_0
25047_1	25442_1
25060_0	25060_0
25060_0	25059_0
25080_0	25080_0
25094_0	25094_0
25094_0	25093_0
25098_0	25098_0
25102_0	25102_0
25127_0	25127_0
25139_0	25139_0
25148_0	25148_0
25166_0	25166_0
25167_0	25167_0
25167_0	19910_0
25172_0	25172_0
25173_0	25173_0
25175_0	25175_0
25177_0	25177_0
25177_0	4126_0
25182_0	25182_0
25182_0	25183_0
25184_0	25184_0
25184_0	25185_0
25188_0	25188_0
25193_0	25193_0
25194_0	25194_0
25196_0	25196_0
25196_0	15563_0
25197_0	25197_0
25199_0	25199_0
25199_0	4492_0
25210_0	25210_0
25219_0	25219_0
25223_0	25223_0
25230_0	25230_0
25230_0	25229_0
25240_0	25240_0
25242_0	25242_0
25259_0	25259_0
25263_0	25263_0
25264_0	25264_0
25269_0	25269_0
25269_0	16747_0
25276_0	25276_0
25276_0	25275_0
25277_0	25277_0
25280_0	25280_0
25282_0	25282_0
25288_0	25288_0
25288_0	25145_0
25289_0	25289_0
25289_0	19393_0
25289_0	17793_0
25289_0	11435_0
25289_0	17159_0
25289_0	17794_0
25289_0	17795_0
25289_0	17796_0
25289_0	25218_0
25289_0	25429_0
25289_0	26307_0
25289_0	26678_0
25289_0	26692_0
25289_0	27212_0
25289_0	30121_0
25289_0	30731_0
25289_0	34454_0
25289_0	34455_0
25289_0	34455_1
25289_0	34456_0
25289_0	34456_1
25289_0	34762_0
25289_0	34763_0
25289_0	51008_0
25289_0	51009_0
25290_0	25290_0
25290_0	18595_0
25298_0	25298_0
25312_0	25312_0
25324_0	25324_0
25324_0	25306_0
25326_0	25326_0
25327_0	25327_0
25330_0	25330_0
25330_0	25328_0
25334_0	25334_0
25346_0	25346_0
25358_0	25358_0
25364_0	25364_0
25380_0	25380_0
25381_0	25381_0
25384_0	25384_0
25387_0	25387_0
25393_0	25393_0
25399_0	25399_0
25399_0	26576_0
25399_0	27021_0
25407_0	25407_0
25407_0	25405_0
25410_0	25410_0
25417_0	25417_0
25428_0	25428_0
25430_0	25430_0
25432_0	25432_0
25434_0	25434_0
25435_0	25435_0
25437_0	25437_0
25439_0	25439_0
25441_0	25441_0
25445_0	25445_0
25454_0	25454_0
25461_0	25461_0
25462_0	25462_0
25464_0	25464_0
25466_0	25466_0
25466_0	30150_0
25466_0	50276_0
25466_0	36133_1
25466_0	6578_0
25466_0	7013_0
25466_0	18238_0
25466_0	18250_0
25466_0	18793_0
25466_0	51432_0
25481_0	25481_0
25482_0	25482_0
25504_1	25504_1
25508_0	25508_0
25549_0	25549_0
25556_0	25556_0
25556_1	25556_1
25556_1	18000_1
25565_0	25565_0
25575_0	25575_0
25575_0	16127_0
25576_0	25576_0
25576_0	6304_0
25576_0	16611_0
25576_0	25299_0
25576_0	25553_0
25576_0	27573_0
25576_0	50128_0
25576_0	50949_0
25605_0	25605_0
25606_0	25606_0
25606_0	25607_0
25627_0	25627_0
25630_0	25630_0
25638_0	25638_0
25647_0	25647_0
25658_0	25658_0
25662_0	25662_0
25665_0	25665_0
25666_0	25666_0
25666_0	15132_0
25666_0	25664_0
25677_1	19516_0
25684_0	25684_0
25685_0	25685_0
25689_0	25689_0
25690_0	25690_0
25691_0	25691_0
25692_0	25692_0
25694_1	25694_1
25694_1	15636_1
25698_0	25698_0
25706_0	25706_0
25712_0	25712_0
25712_0	34093_0
25712_0	34105_0
25720_0	25720_0
25721_0	25721_0
25734_0	25734_0
25735_0	25735_0
25735_0	19201_0
25745_0	25745_0
25760_0	25760_0
25761_0	25761_0
25762_0	25762_0
25763_0	25763_0
25766_0	25766_0
25767_0	25767_0
25767_0	18521_0
25770_0	25770_0
25773_0	25773_0
25778_0	25778_0
25791_1	25791_1
25802_0	25802_0
25805_0	25805_0
25830_0	25830_0
25838_0	25838_0
25839_0	25839_0
25848_0	25848_0
25850_0	25850_0
25853_0	25853_0
25863_0	25863_0
25869_0	25869_0
25879_0	25879_0
25879_0	25875_0
25894_0	25894_0
25895_0	25895_0
25895_0	25894_1
25914_0	25914_0
25914_0	25913_0
25935_0	25935_0
25944_0	25944_0
25950_0	25950_0
25950_0	25951_0
25950_0	25952_0
25956_0	25956_0
25956_0	25955_0
25964_1	25964_1
25964_1	30099_1
25967_0	25967_0
25969_0	25969_0
25970_0	25970_0
25975_0	25975_0
25976_0	25976_0
25984_0	25984_0
25984_0	25983_0
25989_0	25989_0
25991_0	25991_0
25993_0	25993_0
26002_0	26002_0
26002_0	26003_0
26010_0	26010_0
26012_0	26012_0
26027_0	26027_0
26028_0	26028_0
26030_0	26030_0
26030_0	26029_0
26044_0	26044_0
26053_0	26053_0
26058_0	26058_0
26068_0	26068_0
26069_0	26069_0
26314_0	26314_0
26321_0	26321_0
26509_0	26509_0
26517_0	26517_0
26530_0	26530_0
26531_0	26531_0
26534_0	26534_0
26534_0	30523_0
26534_0	30523
26544_0	26544_0
26546_0	26546_0
26548_0	26548_0
26549_0	26549_0
26554_0	26554_0
26554_0	16445_0
26573_0	26573_0
26573_0	25632_0
26575_0	26575_0
26579_0	26579_0
26580_0	26580_0
26589_0	26589_0
26607_0	26607_0
26627_1	26627_1
26631_0	26631_0
26631_0	26629_0
26634_0	26634_0
26634_0	26690_0
26634_0	30153_0
26635_0	26635_0
26635_0	10051_0
26635_0	17610_0
26635_0	17785_0
26635_0	18461_0
26635_0	18479_0
26635_0	18529_0
26635_0	25730_0
26635_0	27387_0
26635_0	27646_0
26635_0	27718_0
26635_0	27719_0
26635_0	27720_0
26635_0	28008_0
26635_0	30694_0
26635_0	30825_0
26635_0	30845_0
26635_0	30906_0
26635_0	50651_0
26635_0	50652_0
26635_0	50774_0
26635_0	51012_0
26635_0	KRAS_CPMG
26636_0	26636_0
26636_0	16876_0
26637_0	26637_0
26639_0	26639_0
26639_0	26616_0
26642_0	26642_0
26643_0	26643_0
26647_0	26647_0
26653_0	26653_0
26655_0	26655_0
26655_0	26654_0
27287_0	27287_0
27287_0	19182_0
27290_0	27290_0
27301_0	27301_0
27302_0	27302_0
27302_0	34151_0
27302_0	51056_1
27305_0	27305_0
27317_0	27317_0
27317_0	27845_0
27317_0	28122_0
27317_0	51294_0
27321_0	27321_0
27324_0	27324_0
27324_0	25740_0
27324_0	27322_0
27324_0	27323_0
27336_0	27336_0
27339_0	27339_0
27341_0	27341_0
27342_0	27342_0
27351_0	27351_0
27355_0	27355_0
27358_0	27358_0
27363_0	27363_0
27363_0	27987_0
27363_0	50730_0
27363_0	50731_0
27363_0	50732_0
27363_0	16842_0
27363_0	18787_0
27363_0	25477_0
27363_0	25874_0
27364_0	27364_0
27364_0	18462_0
27364_0	27366_0
27364_0	27367_0
27364_0	27368_0
27364_0	27369_0
27364_0	27370_0
27364_0	27371_0
27364_0	27372_0
27375_0	27375_0
27375_0	27374_0
27376_0	27376_0
27380_0	27380_0
27400_0	27400_0
27401_0	27401_0
27406_0	27406_0
27408_0	27408_0
27412_0	27412_0
27415_0	27415_0
27426_0	27426_0
27426_0	25426_0
27433_0	27433_0
27436_0	27436_0
27443_0	27443_0
27443_0	15519_0
27453_0	27453_0
27460_0	27460_0
27461_0	27461_0
27464_0	27464_0
27476_0	27476_0
27477_0	27477_0
27482_0	27482_0
27483_0	27483_0
27484_0	27484_0
27490_0	27490_0
27503_0	27503_0
27508_0	27508_0
27511_0	27511_0
27512_0	27512_0
27512_0	4375_0
27512_0	4769_0
27512_0	5387_0
27512_0	6457_0
27512_0	6466_0
27512_0	7002_0
27512_0	7111_0
27512_0	11505_0
27512_0	11547_0
27512_0	15410_0
27512_0	16626_0
27512_0	16880_1
27512_0	16885_1
27512_0	17439_0
27512_0	17769_0
27512_0	17919_0
27512_0	18582_0
27512_0	18583_0
27512_0	18584_0
27512_0	18610_0
27512_0	18611_0
27512_0	18737_0
27512_0	18831_0
27512_0	19394_1
27512_0	19399_1
27512_0	19406_0
27512_0	19412_0
27512_0	19447_1
27512_0	19670_0
27512_0	25070_0
27512_0	25123_0
27512_0	25230_1
27512_0	25545_1
27512_0	25545_2
27512_0	25601_0
27512_0	25601_1
27512_0	25972_0
27512_0	25973_0
27512_0	27172_0
27512_0	27799_1
27512_0	27802_0
27512_0	27803_0
27512_0	27804_0
27512_0	27805_0
27512_0	27806_0
27512_0	27807_0
27512_0	28042_2
27512_0	28042_3
27512_0	30234_0
27512_0	30275_1
27512_0	30276_0
27512_0	30300_0
27512_0	30602_0
27512_0	30602_1
27512_0	30675_0
27512_0	30675_1
27512_0	30693_0
27512_0	34351_0
27512_0	50330_0
27512_0	6470
27523_0	27523_0
27523_0	34287_0
27523_0	34290_1
27523_0	34291_1
27524_0	27524_0
6127_0	6127_0
6138_0	6138_0
6140_0	6140_0
6147_0	6147_0
6150_0	6150_0
6159_0	6159_0
6171_0	6171_0
6171_0	6166_0
6173_0	6173_0
6178_0	6178_0
6185_0	6185_0
6189_0	6189_0
6190_0	6190_0
6195_0	6195_0
6195_0	6196_0
6199_0	6199_0
6202_0	6202_0
6207_0	6207_0
6212_0	6212_0
6224_0	6224_0
6231_0	6231_0
6242_0	6242_0
6244_0	6244_0
6248_0	6248_0
6251_0	6251_0
6251_0	1878_0
6251_0	4905_0
6251_0	5536_0
6251_0	6250_0
6251_0	6907_0
6251_0	6908_0
6251_0	15232_0
6251_0	15357_0
6251_0	18013_0
6251_0	18788_0
6251_0	50301_0
6251_0	16123_0
6251_0	15901_0
6255_0	6255_0
6270_0	6270_0
6272_0	6272_0
6278_0	6278_0
6281_0	6281_0
6281_1	6281_1
6284_0	6284_0
6292_0	6292_0
6300_0	6300_0
6312_0	6312_0
6333_0	6333_0
6335_0	6335_0
6338_0	6338_0
6342_0	6342_0
6348_0	6348_0
6356_0	6356_0
6356_0	17068_0
6356_0	17641_0
6356_0	19991_0
6357_0	6357_0
6357_0	7236_0
6357_0	7237_0
6357_0	7238_0
6357_0	7239_0
6357_0	15917_0
6357_0	16598_0
6357_0	26586_0
6357_0	26590_0
6357_0	16392
6359_0	6359_0
6359_0	6453_0
6361_0	6361_0
6364_0	6364_0
6366_0	6366_0
6368_0	6368_0
6369_0	6369_0
6372_0	6372_0
6373_0	6373_0
6374_0	6374_0
6374_0	16510_0
6374_0	16878_0
6382_0	6382_0
6384_0	6384_0
6392_0	6392_0
6392_0	6393_0
6392_0	7222_0
6392_0	25663_0
6395_0	6395_0
6407_0	6407_0
6419_0	6419_0
6431_0	6431_0
6434_0	6434_0
6436_0	6436_0
6443_0	6443_0
6445_2	6445_2
6445_2	6275_0
6447_0	6447_0
6451_0	6451_0
6464_0	6464_0
6465_0	6465_0
6478_0	6478_0
6478_0	4281_0
6479_0	6479_0
6489_0	6489_0
6500_0	6500_0
6500_0	11203_0
6504_0	6504_0
6504_0	6455_0
6510_0	6510_0
6520_0	6520_0
6529_0	6529_0
6533_0	6533_0
6533_0	18400_0
6549_0	6549_0
6551_1	6502_0
6555_0	6555_0
6565_0	6565_0
6570_0	6570_0
6572_0	6572_0
6572_0	5239_0
6572_0	5333_0
6575_0	6575_0
6579_0	6579_0
6582_0	6582_0
6587_0	6587_0
6588_0	6588_0
6590_0	6590_0
6593_0	6593_0
6593_0	25837_0
6597_0	6597_0
6597_0	15928_0
6597_0	50761_0
6597_0	50762_0
6597_0	50763_0
6615_0	6615_0
6638_0	6638_0
6640_0	6640_0
6642_0	6642_0
6642_0	15084_0
6642_0	15854_0
6642_0	16309_0
6642_0	16310_0
6642_0	17767_0
6644_0	6644_0
6646_0	6646_0
6655_0	6655_0
6658_0	6658_0
6682_0	6682_0
6685_0	6685_0
6687_0	6687_0
6688_0	6688_0
6693_0	6693_0
6702_0	6702_0
6702_1	6702_1
6716_0	6716_0
6717_0	6717_0
6726_0	6726_0
6731_0	6731_0
6732_0	6732_0
6732_0	6733_0
6732_0	6734_0
6732_0	6735_0
6737_0	6737_0
6738_0	6738_0
6739_0	6739_0
6740_0	6740_0
6747_0	6747_0
6748_1	6748_1
6752_0	6752_0
6755_0	6755_0
6769_0	6769_0
6769_0	17995_0
6771_0	6771_0
6771_0	1743_0
6771_0	4207_0
6779_0	6779_0
6779_0	6629_0
6780_0	6780_0
6782_0	6782_0
6784_0	6784_0
6786_0	6786_0
6786_0	6090_0
6789_0	6789_0
6789_0	7016_0
6789_0	7017_0
6789_0	16994_0
6789_0	17881_0
6789_0	17981_0
6789_0	17982_0
6789_0	17983_0
6789_0	18084_0
6789_0	18323_0
6789_0	19050_0
6789_0	19376_0
6789_0	25344_0
6789_0	25796_0
6789_0	27094_0
6789_0	27711_0
6789_0	27740_0
6789_0	17881
6793_0	6793_0
6797_0	6797_0
6799_0	6799_0
6803_0	6803_0
6804_0	19043_1
6824_0	6824_0
6834_0	6834_0
6837_0	6837_0
6840_0	6840_0
6845_0	6845_0
6846_0	6846_0
6860_0	6860_0
6863_0	6863_0
6864_0	6864_0
6867_0	6867_0
6869_0	6869_0
6874_1	6874_1
6883_0	6883_0
6890_0	6890_0
6893_0	6893_0
6901_0	6901_0
6903_0	6903_0
6903_0	6904_0
6903_0	15918_0
6903_0	15934_0
6909_0	6909_0
6909_0	5066_0
6910_0	6910_0
6916_0	6916_0
6926_0	6926_0
6928_0	6928_0
6932_0	6932_0
6935_0	6935_0
6935_0	6832_0
6936_0	6936_0
6936_1	6936_1
6939_0	6939_0
6939_0	50080_0
6943_0	6943_0
6946_0	6946_0
6955_0	6955_0
6957_0	6957_0
6967_0	6967_0
6967_0	6966_0
6973_0	6973_0
6974_0	6974_0
6984_0	6984_0
6987_0	6987_0
6987_0	6983_0
6990_0	6990_0
6999_0	6999_0
7004_0	7004_0
7014_0	7014_0
7019_0	7019_0
7020_0	7020_0
7022_0	7022_0
7025_1	7025_1
7034_0	7034_0
7054_0	7054_0
7057_0	7057_0
7059_0	7059_0
7063_0	7063_0
7075_0	7075_0
7079_0	7079_0
7081_0	7081_0
7086_0	7086_0
7087_0	7087_0
7103_0	7103_0
7103_0	4313_0
7122_0	7122_0
7131_0	7131_0
7131_0	17127_0
7131_0	17128_0
7131_0	19117_0
7131_0	19153_0
7131_0	19153
7137_0	7137_0
7158_0	7158_0
7167_0	7167_0
7170_0	7170_0
7179_0	7179_0
7182_0	7182_0
7184_0	7184_0
7187_0	7187_0
7188_0	7318_0
7188_0	17513_0
7188_0	15666_0
7188_0	15645_0
7190_0	7190_0
7191_0	7191_0
7192_0	7192_0
7193_0	7193_0
7194_1	7194_1
7207_0	7207_0
7209_0	7209_0
7218_0	7218_0
7228_0	7228_0
7242_0	7242_0
7244_0	7244_0
7249_0	7249_0
7250_0	7250_0
7250_0	15114_0
7250_0	15116_0
7250_0	18715_0
7250_0	18716_0
7259_0	7259_0
7261_0	7261_0
7262_0	7262_0
7271_0	7271_0
7274_0	7274_0
7281_0	7281_0
7285_0	7285_0
7286_0	7286_0
7292_0	7292_0
7293_0	7293_0
7300_0	7300_0
7303_0	7303_0
7323_0	7323_0
7351_0	7351_0
7351_0	11330_0
7358_0	7358_0
7362_0	7362_0
7371_0	7371_0
7381_0	7381_0
7381_0	15401_0
7381_0	15402_0
7390_0	7390_0
7390_0	5005_0
7390_0	5466_0
7390_0	15301_0
7390_0	17845_0
7390_0	17846_0
7396_0	7396_0
7396_0	7147_0
7396_0	16467_0
7414_0	7414_0
7419_0	7419_0
7429_0	7429_0
7429_0	15959_0
7429_0	IRSPTB
10004_0	10004_0
10005_0	10005_0
10027_0	10027_0
10029_0	10029_0
10035_0	10035_0
10036_0	15329_0
10037_0	10037_0
10038_0	10038_0
10039_0	10039_0
10041_0	10041_0
10042_0	10042_0
10054_0	10054_0
10055_0	10055_0
10059_0	10059_0
10063_0	10063_0
10065_0	10065_0
10084_0	10084_0
10088_0	10088_0
10090_0	10090_0
10093_0	10093_0
10094_0	10094_0
10105_0	10105_0
10106_0	10106_0
15961_0	15961_0
15963_0	15963_0
15963_0	15962_0
15963_0	19720_0
15963_0	19721_0
15963_0	19722_0
15971_0	15971_0
15971_0	7084_0
15977_0	15977_0
15981_0	15981_0
15991_0	15991_0
15996_0	15996_0
15997_0	15997_0
15999_0	15999_0
16001_0	16001_0
16003_0	16003_0
16006_0	16006_0
16006_0	5357_0
16008_0	16008_0
16009_0	16009_0
16009_0	26979_0
16009_0	26980_0
16009_0	26981_0
16009_0	26984_0
16014_1	16014_1
16015_0	16015_0
16015_0	4789_0
16015_0	15944_0
16015_0	16318_0
16015_0	19610_1
16015_0	25484_0
16015_1	16015_1
16021_0	16021_0
16021_0	11073_0
16025_0	16025_0
16057_0	16057_0
16058_0	16058_0
16058_0	16108_0
16061_0	16061_0
16069_0	16069_0
16072_0	16072_0
16083_0	16083_0
16085_0	16085_0
16089_0	16089_0
16093_0	16093_0
16097_0	16097_0
16098_0	16098_0
16102_0	16102_0
17784_0	17784_0
17784_1	17784_1
17792_0	17792_0
17806_0	17806_0
17824_0	17824_0
17832_0	17832_0
17840_0	17840_0
17840_0	15537_0
17840_0	16117_0
17840_0	17841_0
17840_0	17843_0
17853_0	17853_0
17858_0	17858_0
17864_0	17864_0
17864_0	16103_0
17865_0	17865_0
17867_0	17867_0
17883_0	17883_0
17889_0	17889_0
17899_0	17899_0
17911_0	17911_0
17939_0	17939_0
17939_0	17204_0
17630_0	17630_0
17631_0	17631_0
17633_0	17633_0
17634_0	17634_0
17634_0	17419_0
17638_0	17638_0
17638_0	17639_0
17638_0	19052_0
17638_0	19383_0
17653_0	17653_0
17663_0	17663_0
17667_0	17667_0
17670_0	17670_0
17679_0	17679_0
17685_0	17685_0
17695_0	17695_0
17701_0	17701_0
17701_0	18037_0
17701_0	25192_0
17701_0	17701
17703_0	17703_0
17711_0	17711_0
17715_0	17715_0
17723_0	17723_0
17732_0	17732_0
17734_0	17734_0
17735_0	17735_0
17737_0	17737_0
17739_0	17739_0
17743_0	17743_0
17747_0	17747_0
17753_0	17753_0
17754_0	17754_0
17766_0	17766_0
17768_0	17768_0
11109_0	11109_0
11115_0	11115_0
11115_0	11358_0
11115_0	11359_0
11115_0	11360_0
11115_0	11361_0
11115_0	11362_0
11120_0	11120_0
11121_0	11121_0
11125_0	11125_0
11126_0	11126_0
11130_0	11130_0
11139_0	11139_0
11146_0	11146_0
11146_0	6944_0
11150_0	11150_0
11152_0	11152_0
11157_0	11157_0
11177_0	11177_0
11182_0	11182_0
11192_0	11192_0
11209_0	11209_0
11213_0	11213_0
11215_0	11215_0
11220_0	11220_0
11231_0	11231_0
11237_0	11237_0
11240_0	11240_0
11251_0	11251_0
11253_0	11253_0
11260_0	11260_0
11287_0	11287_0
11290_0	11290_0
11291_0	11291_0
11294_0	11294_0
11306_0	11306_0
11307_0	11307_0
11308_0	11308_0
11309_0	11309_0
11314_0	11314_0
11319_0	11319_0
11321_0	11321_0
11322_0	11322_0
11325_0	11325_0
11331_0	11331_0
11334_0	11334_0
11338_0	11338_0
11345_0	11345_0
11346_0	11346_0
11346_0	17237_0
11357_0	11357_0
11364_0	11364_0
11377_0	11377_0
11396_0	11396_0
11399_0	11399_0
11405_0	11405_0
11405_0	11406_0
11405_0	11407_0
11405_0	11408_0
11405_0	16884_0
11405_0	19685_0
11405_0	34057_0
11414_0	11414_0
11423_0	11423_0
11425_0	11425_0
11431_0	11431_0
11431_0	11430_0
11431_0	HMG1B
11450_0	11450_0
11452_0	11452_0
11454_0	11454_0
11466_0	11466_0
11466_0	11441_0
11471_0	11471_0
11471_0	16925_0
11471_0	16931_0
11471_0	16933_0
11471_0	19240_0
11471_0	19241_0
11471_0	19323_0
11471_0	19324_0
11471_0	27738_0
11471_0	27739_0
11471_0	FKBP
11478_0	11478_0
11482_0	11482_0
11486_0	11486_0
11491_0	11491_0
11492_0	11492_0
11492_0	51003_0
11492_0	5740_0
11492_0	5741_0
11492_0	11556_0
11492_0	25019_0
11492_0	26583_0
11492_0	26584_0
11492_0	26585_0
11492_0	51004_0
11494_0	11494_0
11494_0	11493_0
11495_0	11495_0
11495_0	11490_0
11499_0	11499_0
11499_0	11472_0
11500_0	11500_0
11501_0	11501_0
11504_0	11504_0
11507_0	11507_0
11511_0	11511_0
11526_0	11526_0
11530_0	11530_0
11534_0	11534_0
11534_0	15584_0
11540_0	11540_0
11545_0	11545_0
11549_0	11549_0
11557_0	11557_0
11557_0	11558_0
11557_0	11559_0
11557_0	11560_0
11557_0	11587_0
11557_0	11588_0
11557_0	36014_0
11563_0	11563_0
11567_0	11567_0
11575_0	11575_0
11583_0	11583_0
11593_0	11593_0
11594_0	11594_0
11597_0	11597_0
11599_0	11599_0
12000_0	12000_0
12009_0	12009_0
12041_0	12041_0
15007_0	15007_0
15010_0	15010_0
15010_0	5899_0
15010_0	15008_0
15010_0	15009_0
15010_0	15011_0
15010_0	SPOOF
15023_0	15023_0
15023_0	15035_0
15032_0	15032_0
15034_0	15034_0
15036_0	15036_0
15061_0	15061_0
15063_0	15063_0
15073_0	15073_0
15085_0	15085_0
15086_0	15086_0
15087_0	15087_0
15089_0	15089_0
15090_0	15090_0
15094_0	15094_0
15098_0	15098_0
15100_0	15100_0
15101_0	15101_0
15101_0	15190_0
15105_0	15105_0
15106_0	15106_0
15126_0	15126_0
15127_0	15127_0
15131_0	15131_0
15131_0	6100_0
15135_0	15135_0
15135_0	4913_0
15135_0	15136_0
15135_0	27911_0
15135_0	27912_0
15135_0	50542_0
15137_0	15137_0
15137_0	16555_0
15137_0	17307_0
15137_0	30930_0
15139_0	15139_0
15141_0	15141_0
15142_0	15142_0
15142_0	6210_0
15142_0	6396_0
15142_0	6527_0
15166_0	15166_0
15167_0	15167_0
15176_0	15176_0
15176_0	5906_0
15176_0	15865_0
15179_0	15179_0
15179_0	4720_0
15180_0	15180_0
15189_0	15189_0
15192_0	15192_0
15193_0	15193_0
15199_0	15199_0
15200_0	15200_0
15203_0	15203_0
15208_0	15208_0
15211_0	15211_0
15212_0	15212_0
15212_0	18698_0
15213_0	15213_0
15242_0	15242_0
15242_0	18448_0
15243_0	15243_0
15249_0	15249_0
15249_0	16628_0
15249_0	18024_0
15253_0	15253_0
15253_0	6645_0
15261_0	15261_0
15266_0	15266_0
15271_0	15271_0
15271_0	6160_0
15278_0	15278_0
15278_0	15277_0
15281_0	15281_0
15295_0	15295_0
15298_0	15298_0
15304_0	15304_0
15312_0	15312_0
15314_0	15314_0
15322_0	15322_0
15324_0	15324_0
15326_0	15326_0
15335_0	15335_0
15340_0	15340_0
15340_0	15336_0
15341_0	15341_0
15344_0	15344_0
15345_0	15345_0
15345_0	BLOT5
15364_0	15364_0
15366_0	15366_0
15369_0	15369_0
15371_0	15371_0
15372_0	15372_0
15373_0	15373_0
15374_0	15374_0
15377_0	15377_0
15383_0	15383_0
15385_0	15385_0
15385_0	15388_0
15385_0	15427_0
15385_0	25120_0
15385_0	50424_0
15389_0	15389_0
15393_1	15393_1
15397_0	15397_0
15397_0	5228_0
15409_0	15409_0
15411_0	15411_0
15415_0	15415_0
15418_1	15418_1
15430_0	15430_0
15438_0	15438_0
15441_0	15441_0
15442_0	15442_0
15447_0	15447_0
15447_0	15986_0
15462_0	15462_0
15465_0	15465_0
15468_0	15468_0
15471_0	15471_0
15475_0	15475_0
15478_0	15478_0
15482_0	15482_0
15491_0	15491_0
15498_0	15498_0
15498_0	28028_0
15501_0	15501_0
15501_0	17375_0
15501_0	17376_0
15501_0	27558_0
15530_0	15530_0
15539_0	15539_0
15541_0	15541_0
15542_0	15542_0
15545_0	15545_0
15552_0	15552_0
15554_1	15554_1
15557_0	15557_0
15560_0	15560_0
15560_0	16634_0
15560_0	17414_0
15561_0	15561_0
15562_0	15562_0
15564_0	15564_0
15564_0	5326_0
15564_0	10021_0
15568_0	15568_0
15570_1	15570_1
15573_0	15573_0
15574_0	15574_0
15575_0	15575_0
15581_0	15581_0
15585_0	15585_0
15589_0	15589_0
15589_0	16499_0
15590_0	15590_0
15595_0	15595_0
15599_0	15599_0
15599_0	6625_0
15602_0	15602_0
15602_0	25893_0
15603_0	15603_0
15606_0	15606_0
15609_0	15609_0
15610_0	15610_0
15614_0	15614_0
15644_0	15644_0
15652_0	15652_0
15655_0	15655_0
15655_0	16408_0
15655_0	17716_0
15660_0	15660_0
15662_0	15662_0
15672_0	15672_0
15681_0	15681_0
15683_0	15683_0
15685_1	15685_1
15685_1	6376_0
15685_1	15692_0
15688_0	15688_0
15688_0	15039_0
15700_0	15700_0
15700_0	11333_0
15701_0	15701_0
15703_0	15703_0
15715_0	15715_0
15718_0	15718_0
15719_0	15719_0
15723_0	15723_0
15723_0	50334_0
15734_0	15734_0
15736_0	15736_0
15737_0	15737_0
15737_0	15735_0
15738_0	15738_0
15740_0	15740_0
15743_0	15743_0
15743_0	16777_0
15743_0	18446_0
15746_0	15746_0
15750_0	15750_0
15758_0	15758_0
15762_0	15762_0
15766_0	15766_0
15769_0	15769_0
15770_0	15770_0
15774_0	15774_0
15778_0	15778_0
15779_0	15779_0
15782_0	15782_0
15787_0	15787_0
15788_0	15788_0
15791_0	15791_0
15805_0	15805_0
15807_0	15807_0
15808_0	15808_0
15810_0	15810_0
15811_0	15811_0
15812_0	15812_0
15813_0	15813_0
15817_0	15817_0
15817_0	18657_0
15817_0	27120_0
15828_0	15828_0
15830_0	15830_0
15831_0	15831_0
15832_0	15832_0
15833_0	15833_0
15836_0	15836_0
15840_0	15840_0
15846_0	15846_0
15847_0	15847_0
15848_0	15848_0
15855_0	15855_0
15864_0	15864_0
15881_0	15881_0
15884_0	15884_0
15884_0	15883_0
15914_0	15914_0
15926_0	15926_0
15935_0	15935_0
15935_0	16266_0
15938_0	15938_0
15940_0	15940_0
15941_0	15941_0
15943_0	15943_0
15944_1	15944_1
15954_0	15954_0
15958_0	15958_0
17479_0	17479_0
17479_0	16119_0
17482_0	17482_0
17482_0	17483_0
17482_0	17948_0
17482_0	18523_0
17487_0	17487_0
17491_0	17491_0
17493_0	17493_0
17494_0	17494_0
17496_0	17496_0
17496_0	6514_0
17499_0	17499_0
17499_0	17570_0
17501_0	17501_0
17506_0	17506_0
17506_0	17675_0
17506_0	17761_0
17506_0	18918_0
17509_0	17509_0
17512_0	17512_0
17514_0	17514_0
17519_0	17519_0
17519_0	17518_0
17521_0	17521_0
17524_0	17524_0
17525_0	17525_0
17534_0	17534_0
17540_0	17540_0
17552_0	17552_0
17554_0	17554_0
17569_0	17569_0
17569_0	15001_0
17571_0	17571_0
17571_0	17561_0
17575_0	17575_0
17576_0	17576_0
17576_0	6253_0
17576_0	17582_0
17576_0	27170_0
17579_0	17579_0
17579_0	17578_0
17585_0	17585_0
17588_0	17588_0
17590_0	17590_0
17590_0	17591_0
17590_0	17592_0
17594_0	17594_0
17595_0	17595_0
17596_0	17596_0
17597_0	17597_0
17598_0	17598_0
17599_0	17599_0
17599_0	6126_0
17603_0	17603_0
17603_0	915_0
17616_0	17616_0
19667_0	19667_0
19681_0	19681_0
19683_0	19683_0
19683_0	12022_0
19688_1	19688_1
19689_0	19689_0
19711_0	19711_0
19719_0	19719_0
19732_0	19732_0
19751_0	19751_0
19755_0	19755_0
19766_2	19766_2
19768_0	19768_0
19782_0	19782_0
19796_0	19796_0
19799_0	19799_0
19801_0	19801_0
19801_0	17286_0
19806_0	19806_0
19807_0	19807_0
19814_0	19814_0
27127_0	27127_0
27133_0	27133_0
27133_1	27133_1
27133_1	27080_0
27134_0	27134_0
27141_0	27141_0
27146_0	27146_0
27147_0	27147_0
27151_0	27151_0
27166_0	27166_0
27167_0	27167_0
27186_0	27186_0
27189_0	27189_0
27189_0	CHEA
27191_0	27191_0
27191_0	27185_0
27195_0	27195_0
27207_0	27207_0
27208_0	27208_0
27208_0	50515_0
27208_0	50522_0
27213_0	27213_0
27216_0	27216_0
27216_0	27215_0
27221_0	27221_0
27228_0	27228_0
27230_0	27230_0
27234_0	27234_0
27235_0	27235_0
27236_0	27236_0
27244_0	27244_0
27263_0	27263_0
27266_0	27266_0
27267_0	27267_0
27268_0	27268_0
27271_1	27271_1
26985_0	26985_0
27003_0	27003_0
27003_0	26997_0
27016_0	27016_0
27019_0	27019_0
27019_0	27601_0
27023_0	27023_0
27024_0	27024_0
27029_0	27029_0
27036_0	27036_0
27044_0	27044_0
27056_0	27056_0
27057_0	27057_0
27062_0	27062_0
27069_0	27069_0
27071_0	27071_0
27071_0	16189_0
27087_0	27087_0
27090_0	27090_0
27097_0	27097_0
27098_0	27098_0
27104_0	27104_0
27109_0	27109_0
27110_0	27110_0
27123_0	27123_0
27123_0	27124_0
27123_0	27299_0
26834_0	26834_0
26840_0	26840_0
26841_0	26841_0
26843_0	26843_0
26861_0	26861_0
26861_0	26860_0
26876_0	26876_0
26876_0	19731_0
26876_0	26875_0
26876_0	26877_0
26876_0	26878_0
26876_0	VCPTH
26883_0	26883_0
26888_0	26888_0
26888_0	26887_0
26901_0	26901_0
26902_0	26902_0
26903_0	26903_0
26907_0	26907_0
26909_0	26909_0
26915_0	26915_0
26921_0	26921_0
26924_0	26924_0
26924_0	26925_0
26924_0	26926_0
26924_0	28115_0
26924_0	28116_0
26924_0	50312_0
26924_0	50313_0
26932_0	26932_0
26935_0	26935_0
26940_0	26940_0
26942_0	26942_0
26942_0	27557_0
26942_0	51341_0
26944_0	26944_0
26944_0	26943_0
26949_0	26949_0
26953_0	26953_0
26961_0	26961_0
26962_0	26962_0
26965_0	26965_0
26965_0	26964_0
26982_0	26982_0
16115_0	16115_0
16118_0	16118_0
16131_0	16131_0
16131_0	15506_0
16131_0	16130_0
16136_0	16136_0
16136_0	16150_0
16136_0	16151_0
16136_0	16152_0
16146_0	16146_0
16155_0	16155_0
16159_0	16159_0
16160_0	16160_0
16161_0	16161_0
16163_0	16163_0
16165_0	16165_0
16173_0	16173_0
16175_0	16175_0
16179_0	16179_0
16179_0	16180_0
16179_0	16181_0
16179_0	16671_0
16179_0	19109_0
16186_0	16186_0
16188_0	16188_0
16198_0	16198_0
16213_0	16213_0
16214_0	16214_0
16221_0	16221_0
16229_1	16229_1
16233_0	16233_0
16238_0	16238_0
16245_0	16245_0
16245_0	5842_0
16245_0	7432_0
16245_0	15967_0
16245_0	16603_0
16245_0	17282_0
16245_0	17836_0
16245_0	17837_0
16245_0	17844_0
16245_0	18359_0
16245_0	18360_0
16245_0	18361_0
16245_0	18362_0
16245_0	7432
16247_0	16247_0
16249_0	16249_0
16251_0	16251_0
16253_0	16253_0
16255_0	16255_0
16260_0	16260_0
16260_0	15038_0
16261_0	16261_0
16262_0	16262_0
16267_0	16267_0
16269_0	16269_0
16271_0	16271_0
16277_0	16277_0
16283_0	16283_0
16283_0	16272_0
16298_0	16298_0
16315_0	16315_0
16316_0	16316_0
16318_1	16318_1
16327_0	16327_0
16327_0	17710_0
16327_0	18543_0
16327_0	19838_0
16327_0	19839_0
16327_0	19413_0
16336_0	16336_0
16338_0	16338_0
16347_0	16347_0
16348_0	16348_0
16352_0	16352_0
16357_0	16357_0
16365_0	16365_0
16371_0	16371_0
16372_0	16372_0
16373_0	16373_0
16384_0	16384_0
16385_0	16385_0
16386_0	16386_0
16388_0	16388_0
16389_0	16389_0
16402_0	16402_0
16406_0	16406_0
16406_0	16491_0
16406_0	17151_0
16409_0	16409_0
16409_0	17851_0
16409_0	17852_0
16409_0	27697_0
16424_0	16424_0
16424_0	16926_0
16428_0	16428_0
16441_0	16441_0
16441_0	16440_0
16442_0	16442_0
16442_0	6340_0
16446_0	16446_0
16449_0	16449_0
16450_0	16450_0
16466_0	16466_0
16471_0	16471_0
16473_0	16473_0
16476_0	16476_0
16485_0	16485_0
16485_0	15289_0
16485_0	15300_0
16487_0	16487_0
16498_0	16498_0
16505_0	16505_0
16509_0	16509_0
16517_0	16517_0
16523_0	16523_0
16536_0	16536_0
16536_0	6914_0
16537_0	16537_0
16537_0	17260_0
16542_0	16542_0
16544_0	16544_0
16545_0	16545_0
16549_0	16549_0
16549_0	30725_0
16563_0	16563_0
16564_0	16564_0
16567_0	16567_0
16568_0	16568_0
16569_0	16569_0
16570_0	16570_0
16571_0	16571_0
16572_0	16572_0
16576_0	16576_0
16596_0	16596_0
16596_0	16744_0
16599_0	16599_0
16600_0	16600_0
16608_0	16608_0
16613_0	16613_0
16615_0	16615_0
16615_0	25329_0
16615_0	25330_1
16617_0	16617_0
16620_0	27875_1
16630_0	16630_0
16630_0	15927_0
16630_0	16362_0
16639_0	16639_0
16639_0	4981_0
16640_0	16640_0
16648_0	16648_0
16649_0	16649_0
16652_0	16652_0
16657_0	16657_0
16665_0	16665_0
16665_0	16662_0
16666_0	16666_0
16667_0	16667_0
16675_0	16675_0
16679_0	16679_0
16680_0	16680_0
16681_0	16681_0
16685_0	16685_0
16686_0	16686_0
16691_0	16691_0
16692_0	16692_0
16693_0	16693_0
16696_0	16696_0
16696_0	16683_1
16698_0	16698_0
16698_0	7435_1
16734_0	16734_0
16735_0	16735_0
16737_0	16737_0
16742_0	16742_0
16742_0	4031_0
16742_0	4032_0
16742_0	4980_0
16742_0	16010_0
16742_0	16011_0
16742_0	16503_0
16742_0	17172_0
16742_0	17762_0
16742_0	19065_0
16742_0	RNASE
16742_0	RNASE_CPMG
16767_0	16767_0
16774_0	16774_0
16780_0	16780_0
16781_0	16781_0
16782_0	16782_0
16790_0	16790_0
16791_0	16791_0
16799_0	16799_0
16799_0	16798_0
16800_0	16800_0
16800_0	16166_0
16801_0	16801_0
16810_0	16810_0
16811_0	16811_0
16811_0	11570_0
16812_0	16812_0
16813_1	16813_1
16813_1	10302_0
16816_0	16816_0
16816_0	16792_0
16822_0	16822_0
16824_0	16824_0
16831_0	16831_0
16831_0	34358_0
16831_0	34359_0
16841_0	16841_0
16845_0	16845_0
16846_0	16846_0
16848_0	16848_0
16848_0	16818_0
16868_0	16868_0
16869_0	16869_0
16872_0	16872_0
16880_0	16880_0
16883_0	16883_0
16885_0	16885_0
16887_0	16887_0
16893_0	16893_0
16893_0	16894_0
16893_0	16900_0
16893_0	25536_0
16893_0	25538_0
16893_0	25546_0
16897_0	16897_0
16897_0	5684_0
16912_0	16912_0
16912_0	27964_0
16922_0	16922_0
16927_0	16927_0
16929_0	16929_0
16934_0	16934_0
16935_0	16935_0
16937_0	16937_0
16958_0	16958_0
16959_0	16959_0
16961_0	16961_0
16961_0	16656_0
16964_0	16964_0
16967_0	16967_0
16967_0	15972_0
16971_0	16971_0
16977_0	16977_0
16986_0	16986_0
16988_0	16988_0
16991_0	16991_0
16995_0	16995_0
16997_0	16997_0
17000_0	17000_0
17007_0	17007_0
17008_0	17008_0
17010_0	17010_0
17010_0	17013_0
17010_0	17041_0
17010_0	17046_0
17010_0	17047_0
17010_0	26821_0
17014_0	17014_0
17018_0	17018_0
17018_0	17019_0
17018_0	17018
17024_0	17024_0
17024_0	17023_0
17025_0	17025_0
17027_0	17027_0
17042_0	17042_0
17048_0	17048_0
17065_0	17065_0
17073_1	17073_1
17085_0	17085_0
17085_0	18458_0
17085_0	25492_0
17085_0	30098_0
17090_0	17090_0
17092_0	17092_0
17104_0	17104_0
17105_0	17105_0
17133_0	17133_0
17136_0	17136_0
17146_0	17146_0
17146_0	17144_0
17147_0	17147_0
17147_0	17145_0
17147_0	17452_0
17147_0	18015_0
17157_0	17157_0
17158_0	17158_0
17161_0	17161_0
17175_0	17175_0
17190_0	17190_0
17190_0	17189_0
17192_0	17192_0
17202_0	17202_0
17202_0	34362_0
17236_0	17236_0
17241_0	17241_0
17247_0	17247_0
17251_0	17251_0
17257_0	17257_0
17265_0	17265_0
17273_0	17273_0
17273_0	17272_0
17277_0	17277_0
17280_0	17280_0
17284_0	17284_0
17288_0	17288_0
17289_0	17289_0
17290_0	17290_0
17308_0	17308_0
17313_0	17313_0
17315_0	17315_0
17318_0	17318_0
17319_0	17319_0
17320_0	17320_0
17323_0	17323_0
17363_0	17363_0
17365_0	17365_0
17367_0	17367_0
17367_0	16719_0
17374_0	17374_0
17380_0	17380_0
17383_0	17383_0
17385_0	17385_0
17386_0	17386_0
17386_0	25433_0
17387_0	17387_0
17396_0	17396_0
17403_0	17403_0
17404_0	17404_0
17405_0	17405_0
17415_0	17415_0
17416_0	17416_0
17417_0	17417_0
17417_0	27605_0
17418_0	17418_0
17432_0	17432_0
17445_0	17445_0
17447_0	17447_0
17447_0	4340_0
17447_0	5995_0
17447_0	5996_0
17447_0	16840_0
17447_0	5995
17448_0	17448_0
17468_0	17468_0
17472_0	17472_0
17474_0	17474_0
26656_0	26656_0
26662_0	26662_0
26664_0	26664_0
26684_0	26684_0
26694_0	26694_0
26694_0	4027_0
26694_0	25860_0
26694_0	25861_0
26694_0	26695_0
26697_0	26697_0
26701_0	26701_0
26717_0	26717_0
26720_0	26720_0
26720_0	26719_0
26723_0	26723_0
26723_0	26724_0
26723_0	26723
26730_0	26730_0
26730_0	15693_0
26735_0	26735_0
26738_0	26738_0
26738_0	30017_0
26738_0	31007_0
26740_0	26740_0
26742_0	26742_0
26742_0	26741_0
26745_0	26745_0
26755_0	26755_0
26761_0	26761_0
26762_0	26762_0
26765_0	26765_0
26767_0	26767_0
26768_0	26768_0
26770_0	26770_0
26772_0	26772_0
26774_0	26774_0
26785_0	26785_0
26785_0	25149_0
26791_0	26791_0
26792_0	26792_0
26800_0	26800_0
26801_0	26801_0
26809_0	26809_0
26810_0	26810_0
17944_0	17944_0
17946_0	17946_0
17958_0	17958_0
17958_0	17955_0
17962_0	17962_0
17965_0	17965_0
17968_0	17968_0
17968_0	17967_0
17998_0	17998_0
17999_0	17999_0
18000_0	18000_0
18000_0	17485_0
18005_0	18005_0
18005_0	18007_0
18005_0	SMNTD
18011_0	18011_0
18016_0	18016_0
18025_0	18025_0
18026_0	18026_0
18029_0	18029_0
18039_0	18039_0
18039_0	15694_0
18041_0	18041_0
18042_1	18042_1
18045_0	18045_0
18046_0	18046_0
18046_0	19497_0
18046_0	VILD6
18047_0	18047_0
18048_0	18048_0
18049_0	18049_0
18054_0	18054_0
18054_0	18055_0
18054_0	18056_0
18054_0	18057_0
18054_0	18058_0
18054_0	18059_0
18054_0	18060_0
18054_0	18061_0
18054_0	18062_0
18054_0	18063_0
18054_0	18064_0
18054_0	18065_0
18054_0	18066_0
18054_0	18067_0
18054_0	18068_0
18054_0	18069_0
18054_0	18070_0
18054_0	18071_0
18054_0	18072_0
18054_0	18073_0
18054_0	18074_0
18054_0	18075_0
18054_0	18076_0
18054_0	18077_0
18054_0	18078_0
18054_0	25354_0
18090_0	18090_0
18092_0	18092_0
18092_0	6116_0
18092_0	17822_0
18092_0	25016_0
18092_0	25020_0
18092_0	18092
18094_0	18094_0
18111_0	18111_0
18112_0	18112_0
18122_0	18122_0
18122_0	6321_0
18122_0	6322_0
18122_0	34572_0
18122_0	34573_0
18122_0	34747_0
18122_0	PYP
18125_0	18125_0
18125_0	18123_0
18141_0	18141_0
18145_0	18145_0
18152_0	18152_0
18152_0	17109_0
18153_0	18153_0
18154_0	18154_0
18154_0	19151_0
18154_0	19152_0
18154_0	25013
18156_0	18156_0
18165_2	18165_2
18167_0	18167_0
18170_0	18170_0
18180_0	18180_0
18181_0	18181_0
18183_0	18183_0
18183_0	18182_0
18186_0	18186_0
18189_0	18189_0
18191_0	18191_0
18192_0	18192_0
18193_0	18193_0
18198_0	18198_0
18201_0	18201_0
18211_0	18211_0
18214_0	18214_0
18215_0	18215_0
18221_0	18221_0
18229_1	18229_1
18236_0	18236_0
18244_1	18244_1
18248_0	18248_0
18253_0	18253_0
18253_0	17656_0
18255_0	18255_0
18265_0	18265_0
18268_0	18268_0
18268_0	16590_0
18268_0	17621_0
18280_0	18280_0
18282_0	34015_0
18283_0	18283_0
18290_0	18290_0
18291_0	18291_0
18291_0	18293_0
18291_0	18294_0
18291_0	18295_0
18291_0	26916_0
18291_0	HGMCSF
18296_0	18296_0
18298_0	18298_0
18309_0	18309_0
18315_1	18315_1
18315_1	18314_1
18318_0	18318_0
18320_0	18320_0
18321_0	18321_0
18331_0	18331_0
18331_0	18821_0
18331_0	27061_0
18346_0	18346_0
18349_0	18349_0
18355_0	18355_0
18356_0	18356_0
18358_0	18358_0
18358_0	16819_0
18375_0	18375_0
18380_0	18380_0
18380_0	16096_0
18380_0	18380
18385_0	18385_0
18386_0	18386_0
18391_0	18391_0
18404_0	18404_0
18406_0	18406_0
18406_0	12016_0
18406_0	15379_0
18406_0	50132_0
18406_0	50133_0
18406_0	50134_0
18407_0	18407_0
18415_0	18415_0
18417_0	18417_0
18419_0	18419_0
18428_0	18428_0
18431_0	18431_0
18431_0	18432_0
18431_0	18433_0
18431_0	18434_0
18431_0	18455_0
18431_0	25559_0
18431_0	REV1CT
18437_0	18437_0
18439_1	18439_1
18439_1	15057_0
18439_1	19738_1
18439_1	30206_0
18439_1	50146_0
18439_1	50147_0
18439_1	50149_0
18439_1	51414_0
18439_1	51417_0
18447_0	18447_0
18447_0	17312_0
18449_0	18449_0
18459_0	18459_0
18475_0	18475_0
18484_0	18484_0
18496_0	18496_0
18496_0	18469_0
18497_0	18497_0
18505_0	18505_0
18514_0	18514_0
18517_0	18517_0
18520_0	18520_0
18520_0	19186_0
18520_0	19972_0
18533_0	18533_0
18533_0	6722_0
18533_0	26513
18540_0	18540_0
18541_0	18541_0
18546_0	18546_0
18555_0	18555_0
18557_0	18557_0
18560_0	18560_0
18560_0	19077_0
18563_0	18563_0
18566_0	18566_0
18571_0	18571_0
18571_0	18572_0
18571_0	18573_0
18578_0	18578_0
18585_0	18585_0
18585_0	18576_0
18587_0	18587_0
18589_0	18589_0
18598_0	18598_0
18599_0	18599_0
18601_0	18601_0
18605_0	18605_0
18606_0	18606_0
18607_0	18607_0
18612_0	18612_0
18620_0	18620_0
18624_0	18624_0
18627_0	18627_0
18631_0	18631_0
18631_0	18630_0
18637_0	18637_0
18642_0	18642_0
18650_1	18650_1
18652_0	18652_0
18653_0	18653_0
18667_0	18667_0
18667_0	18663_0
18676_0	18676_0
18682_0	18682_0
18682_0	18681_0
18682_1	18682_1
18692_0	18692_0
18700_0	18700_0
18701_0	18701_0
18707_0	18707_0
18709_1	18709_1
18709_1	17760_0
18709_1	51124_0
18712_0	18712_0
18713_0	18713_0
18720_0	18720_0
18720_1	18720_1
18726_0	18726_0
18733_0	18733_0
18734_0	18734_0
18738_0	18738_0
18753_0	18753_0
18758_0	18758_0
18758_0	7053_0
18758_0	18758
18761_0	18761_0
18763_0	18763_0
27529_0	27529_0
27533_0	27533_0
27537_0	27537_0
27548_0	27548_0
27553_0	27553_0
27554_0	27554_0
27565_0	27565_0
27569_0	27569_0
27574_0	27574_0
27578_0	27578_0
27578_0	27417_0
27580_0	27580_0
27583_0	27583_0
27591_0	27591_0
27593_0	27593_0
27597_0	27597_0
27606_0	27606_0
27606_0	12026_0
27607_0	27607_0
27607_0	18807_0
27608_0	27608_0
27608_0	28005_0
27608_0	28006_0
27609_0	27609_0
27618_0	27618_0
27620_0	27620_0
27620_0	2208_0
27620_0	25104_0
27620_0	25337_0
27620_0	25502_0
27620_0	27217_0
27620_0	27218_0
27620_0	27265_0
27620_0	30977_0
27620_0	CYPA_CPMG
27623_0	27623_0
27624_0	27624_0
27625_0	27625_0
27626_0	27626_0
27628_0	27628_0
27633_0	27633_0
27634_0	27634_0
27636_0	27636_0
27638_0	27638_0
27648_0	27648_0
27649_0	27649_0
27651_0	27651_0
27667_0	27667_0
27674_0	27674_0
27677_0	27677_0
27684_0	27684_0
27698_0	27698_0
27698_0	19332_0
27698_0	27696_0
27705_0	27705_0
27706_0	27706_0
27744_0	27744_0
27747_0	27747_0
27755_0	27755_0
27755_0	27753_0
27755_0	27754_0
27757_0	27757_0
27772_0	27772_0
27772_0	27771_0
27774_0	27774_0
27775_0	27775_0
27778_0	27778_0
27780_0	27780_0
27785_0	27785_0
27791_1	27791_1
27795_0	27795_0
27801_0	27801_0
27811_0	27811_0
27817_0	27817_0
27817_0	27814_0
27820_0	27820_0
27820_0	27818_0
27830_0	27830_0
27830_0	27458_0
27831_0	27831_0
27834_0	27834_0
27840_0	27840_0
27840_0	27841_0
27840_0	27842_0
27840_0	27843_0
27844_0	27844_0
27847_0	27847_0
27848_0	27848_0
27853_0	27853_0
27853_0	27852_0
27866_0	27866_0
27867_0	27867_0
27868_0	27868_0
27869_0	27869_0
27876_0	27876_0
27880_0	27880_0
27881_0	27881_0
27883_0	27883_0
27883_0	7279_0
27885_0	27885_0
27887_0	27887_0
27887_0	26672_0
27887_0	27125_0
27888_0	27888_0
27888_0	27890_0
27888_0	27929_0
27888_0	50563_0
27888_0	50564_0
27888_0	50565_0
27888_0	50566_0
27888_0	27888
27888_0	BLAC_CPMG
27893_0	27893_0
27894_0	27894_0
27913_0	27913_0
27914_0	27914_0
27917_0	27917_0
27923_0	27923_0
27925_0	27925_0
27932_0	27932_0
27932_0	27931_0
27944_0	27944_0
27944_0	4429_0
27944_0	27948_0
27945_0	27945_0
27945_0	4186_0
27945_0	27946_0
27945_0	CRABP2
27949_0	27949_0
27959_0	27959_0
27962_0	27962_0
27972_0	27972_0
27977_0	27977_0
27978_0	27978_0
27981_0	27981_0
27986_0	27986_0
27988_0	27988_0
27989_0	27989_0
27992_0	27992_0
27993_0	27993_0
27994_0	27994_0
28014_0	28014_0
28019_0	28019_0
28020_0	28020_0
28020_0	28011_0
28025_0	28025_0
28026_0	28026_0
28027_0	28027_0
28035_0	28035_0
28035_0	50805_0
28035_0	50806_0
28035_0	50807_0
28035_0	51140_0
28035_0	51141_0
28035_0	51142_0
28035_0	51143_0
28043_0	28043_0
28052_0	28052_0
28062_0	28062_0
28062_0	27243_0
28062_0	28064_0
28063_0	28063_0
28063_0	19204_0
28065_0	28065_0
28070_0	28070_0
28070_0	19172_0
28070_0	19173_0
28070_0	28072_0
28070_0	34384_0
28084_0	28084_0
28085_0	28085_0
28086_0	28086_0
28087_0	28087_0
28088_0	28088_0
28091_0	28091_0
28092_0	28092_0
28098_0	28098_0
28099_0	28099_0
28100_0	28100_0
28109_0	28109_0
28109_0	27592_0
28111_0	28111_0
28121_0	28121_0
28133_0	28133_0
28134_0	28134_0
28135_0	28135_0
28138_0	28138_0
30002_0	30002_0
30003_0	30003_0
30004_0	30004_0
30020_0	30020_0
30024_0	30024_0
30033_0	30033_0
30040_0	30040_0
30061_1	30061_1
30064_0	30064_0
30067_0	30067_0
30070_0	30070_0
30074_0	30074_0
30080_0	30080_0
30080_0	30081_0
30080_0	30082_0
30080_0	30083_0
30080_0	30084_0
30080_0	30085_0
30080_0	30086_0
30082_1	30082_1
30083_1	30083_1
30085_1	30085_1
30086_1	30086_1
30094_0	30094_0
30097_0	30097_0
30101_0	30101_0
30102_0	30102_0
30154_0	30154_0
30154_0	25530_0
30192_0	30192_0
30199_0	30199_0
30208_0	30208_0
30209_0	30209_0
30210_0	30210_0
30210_0	30207_0
30236_0	30236_0
30243_1	30243_1
30243_1	26867_1
30246_0	30246_0
30247_0	30247_0
30256_0	30256_0
30275_0	30275_0
30286_0	30286_0
30293_0	30293_0
30300_1	30300_1
30304_0	30304_0
30310_0	30310_0
30312_0	30312_0
30312_0	27269_0
30314_0	30314_0
30314_0	18654_0
30314_0	30657_0
30316_0	30316_0
30316_0	50331_0
30316_0	CXCL8
30326_0	30326_0
30340_0	30340_0
30348_0	30348_0
30352_0	30352_0
30375_0	30375_0
30379_0	30379_0
30388_0	30388_0
30397_0	30397_0
30399_0	30399_0
30409_0	30409_0
30410_0	30410_0
30417_0	30417_0
30421_0	30421_0
30422_0	30422_0
30423_0	30423_0
30444_0	30444_0
30450_0	30450_0
30469_0	30469_0
30469_0	10085_0
30469_0	16193_1
30480_0	30480_0
30480_1	30480_1
30495_0	30495_0
30522_0	30522_0
30531_0	30531_0
30531_0	27663_0
30556_0	30556_0
30565_0	30565_0
30570_0	30570_0
30571_0	30571_0
30580_0	30580_0
30584_0	30584_0
30611_0	30611_0
30623_0	30623_0
30626_0	30626_0
30632_0	30632_0
30632_0	30629_0
30632_0	30634_0
30632_0	30635_0
30632_0	30636_0
30637_0	30637_0
30638_1	30638_1
30638_1	30080_1
30677_0	30677_0
30691_0	30691_0
30703_0	30703_0
30703_0	17200_0
30703_0	30019_0
30704_0	30704_0
30721_0	30721_0
30737_0	30737_0
30737_0	19461_0
30737_0	19463_0
30740_0	30740_0
30741_0	30741_0
30741_0	17738_0
30741_0	19575_0
30754_0	30754_0
30756_0	30756_0
30765_0	30765_0
30769_0	30769_0
30773_0	30773_0
30790_1	30790_1
30807_0	30807_0
30820_0	30820_0
30820_0	30819_0
30821_0	30821_0
30832_0	30832_0
30850_0	30850_0
30876_0	30876_0
30880_0	30880_0
30902_0	30905_0
30908_0	30908_0
30909_0	30909_0
30925_0	30925_0
30925_0	30676_0
30936_0	30936_0
30944_0	30944_0
30950_0	30950_0
30950_0	30926_0
30951_0	30951_0
30959_0	30959_0
30959_0	5971_0
30959_0	6800_0
30970_0	30970_0
30970_0	17612_0
30974_0	30974_0
30993_0	30993_0
31011_0	31011_0
31020_0	31020_0
31058_0	31058_0
31058_0	30939_0
34000_0	34000_0
34000_0	34002_0
34000_0	34001_0
34006_0	34006_0
34007_0	34007_0
34008_0	34008_0
34012_0	34012_0
34012_0	15742_0
34018_0	34018_0
34022_0	34022_0
34022_0	26552_0
34043_0	34043_0
34043_0	34425_0
34047_0	34047_0
34050_0	34050_0
34052_0	34052_0
34055_0	34055_0
34061_0	34061_0
34064_0	34064_0
34064_0	25455_0
34068_0	34068_0
34068_0	34067_0
34076_0	34076_0
34076_0	34072_0
34082_0	34082_0
34101_0	34101_0
34102_0	34102_0
34109_0	34109_0
34110_0	34110_0
34114_0	34114_0
34120_0	34120_0
34121_0	34121_0
34122_0	34122_0
34126_0	34126_0
34131_1	34131_1
34139_0	34139_0
34139_0	19752_0
34146_0	34146_0
34149_0	34149_0
34153_0	34153_0
34163_0	34163_0
34170_0	34170_0
34178_0	34178_0
34181_0	34181_0
34194_0	34194_0
34200_0	34200_0
34201_0	34201_0
34216_0	34216_0
34225_0	34225_0
34229_0	34229_0
34229_0	34227_0
34231_0	34231_0
34231_0	34233_0
34243_0	34243_0
34248_0	34248_0
34248_0	34247_0
34255_0	34255_0
34255_0	34246_0
34257_0	34257_0
34257_0	16126_0
34258_0	34258_0
34261_0	34261_0
34282_0	34282_0
34285_0	34285_0
34288_0	34288_0
34288_0	34289_0
34288_0	34293_0
34292_0	34292_0
34298_0	34298_0
34318_0	34318_0
34325_0	34325_0
34326_0	34326_0
34330_0	34330_0
34334_0	34334_0
34347_0	34347_0
34347_0	34308_0
34349_0	34349_0
34354_0	34354_0
34356_0	34356_0
34356_0	34355_0
34361_0	34361_0
34376_0	34376_0
34385_0	34385_0
34385_0	18147_0
34385_0	27857_0
34437_0	34437_0
34443_0	34443_0
34448_0	34448_0
34450_0	34450_0
34451_0	34451_0
34463_0	34463_0
34464_0	34464_0
34465_0	34465_0
34468_0	34468_0
34477_0	34477_0
34480_0	34480_0
34487_0	34487_0
15795	15795
15795	15795_0
15521	15521
15521	15521_0
15451	15451
15451	15451_0
5991	5991
5991	5991_0
5154	5154
5154	4327_0
18257	18257
AQADK_CPMG	AQADK_CPMG
AQADK_CPMG	AQADK
BLVRB_CPMG	BLVRB_CPMG
BLVRB_CPMG	27462_0
BLVRB_CPMG	27975_0
VHR_CPMG	VHR_CPMG
VHR_CPMG	27950_0
ARGKIN_CPMG	ARGKIN_CPMG
ARGKIN_CPMG	ARGKIN
HTPDZ_CPMG	HTPDZ_CPMG
HTPDZ_CPMG	HTPDZ
7036	7036
7036	7036_0
36171	36171
36171	36170_0
36171	36171_0
NUSGTD	NUSGTD
NUSGTD	16788_1
PLEXINB1	PLEXINB1
PLEXINB1	6346_0
UBE2G1	UBE2G1
19127	19127
19127	16664_0
50233	50233
50233	27262_0
4267	4267
4267	4267_0
18306	18306
18306	11061_0
PCF11	PCF11
PI3KSH2	PI3KSH2
ORC2WH	ORC2WH
ORC2WH	27643_0
MLC1PN	MLC1PN
MLC1PC	MLC1PC
50410	50410
50410	50410_0
FSIB	FSIB
ATS	ATS
5841	5841
5841	5564_0
18772	18772
18772	18772_0
17306	17306
17306	17306_0
17783	17783
17783	17783_0
15255	15255
15255	4183_0
5687	5687
5687	5687_0
18260	18260
18260	18260_0
7056	7056
7056	7056_0
18477	18477
18477	18477_0
17266	17266
17266	17266_0
CIN1D2	CIN1D2
MERP	MERP
BARSTAR	BARSTAR
BARSTAR	6227_0
BARSTAR	50539_0
TEPI	TEPI
TEPI	4060_0
50332	50332
SAV	SAV
CDK3	CDK3
ACBP	ACBP
ACBP	5351_0
VL	VL
VL	4580_1
EGLC	EGLC
CIN1D1	CIN1D1
25636	25636
25636	25460_0
25636	25636_0
25636	30068_0
AZURIN	AZURIN
AZURIN	4465_0
AZURIN	18254_0
ALP	ALP
ALP	30322_0
VMIPII	VMIPII
VMIPII	4852_0
CBFB	CBFB
CBFB	4092_0
PSD1	PSD1
MIA40	MIA40
17246	17246
17246	17246_0
50020	50020
50020	17549_0
DR1885	DR1885
4390	4390
4390	19989_0
ATFKR	ATFKR
SPRY	SPRY
GPIIA	GPIIA
GPIIA	1663_0
IL4	IL4
IL4	4094_0
CMTIV	CMTIV
CHEAYBD	CHEAYBD
GXN	GXN
A3VI	A3VI
HTGFA	HTGFA
DBD82	DBD82
34495_0	34495_0
34495_0	34494_0
34500_0	34500_0
34511_0	34511_0
34511_0	30955_0
34511_0	51620_0
34512_0	34512_0
34515_0	34515_0
34515_0	34037_0
34519_0	34519_0
34520_0	34520_0
34527_0	34527_0
34536_0	34536_0
34545_0	34545_0
34545_0	34544_0
34546_0	34546_0
34552_0	34552_0
34552_0	19760_0
34557_0	34557_0
34585_0	34585_0
34598_0	34598_0
34600_0	34600_0
34602_0	34602_0
34607_0	34607_0
34618_0	34618_0
34619_0	34619_0
34619_0	25758_0
34627_0	34627_0
34630_0	34630_0
34642_0	34642_0
34648_0	34648_0
34661_0	34661_0
34661_0	51052_0
34661_1	34661_1
34661_1	51052_2
34663_0	34663_0
34667_0	34667_0
34668_0	34668_0
34669_0	34669_0
34682_0	34682_0
34686_0	34686_0
34694_0	34694_0
34695_0	34695_0
34702_0	34702_0
34704_0	34704_0
34707_0	34707_0
34719_0	34719_0
34724_0	34724_0
34724_0	34725_0
34724_0	34727_0
34726_0	34726_0
34726_0	16989_0
34726_0	34728_0
34748_0	34748_0
34748_0	50620_0
34748_0	50915_0
34752_0	34752_0
36034_0	36034_0
36048_0	36048_0
36061_0	36061_0
36080_0	36080_0
36086_0	36086_0
36101_0	36101_0
36142_0	36142_0
36142_0	12002_0
36143_0	36143_0
36161_0	36161_0
36161_0	25385_0
36180_0	36180_0
36221_0	36221_0
36221_0	36220_0
36221_1	36221_1
36243_0	36243_0
36264_0	19538_0
36299_0	36299_0
36309_1	36309_1
36320_0	36320_0
36320_0	28082_0
36330_0	36330_0
36331_0	36331_0
36332_0	36332_0
36334_0	36334_0
36336_0	36336_0
36342_0	36342_0
36385_0	36385_0
36385_0	36288_0
36404_0	36404_0
36405_0	36405_0
36431_0	36431_0
36471_0	36471_0
50001_0	50001_0
50001_0	27990_0
50002_0	50002_0
50007_0	50007_0
50008_0	50008_0
50008_0	16921_0
50010_0	50010_0
50010_0	15826_0
50010_0	50011_0
50014_0	50014_0
50017_0	50017_0
50017_0	50739_0
50027_0	50027_0
50033_0	50033_0
50033_0	26779_0
50033_0	50030_0
50033_0	50031_0
50033_0	50032_0
50074_0	50074_0
50077_0	50077_0
50078_0	50078_0
50079_0	50079_0
50084_0	50084_0
50084_0	5013_0
50086_0	50086_0
50094_0	50094_0
50098_0	50098_0
50099_0	50099_0
50100_0	50100_0
50101_0	50101_0
50102_0	50102_0
50103_0	50103_0
50105_0	50105_0
50107_0	50107_0
50107_0	34461_0
50108_0	50108_0
50108_0	34461_1
50110_0	50110_0
50110_0	15412_0
50115_0	50115_0
50120_0	50120_0
50120_0	50119_0
50121_0	50121_0
50121_0	5823_0
50122_0	50122_0
50127_0	50127_0
50127_0	50113_0
50130_0	50130_0
50130_0	17945_0
50130_0	50129_0
50131_0	50131_0
50135_0	50135_0
50135_0	50123_0
50138_0	50138_0
50145_0	50145_0
50145_0	17270_0
50145_0	36163_0
50145_0	50143_0
50145_0	50148_0
50145_0	50801_0
50145_0	50802_0
50145_0	51415_0
50145_0	51416_0
50145_0	51416
50152_0	50152_0
50154_0	50154_0
50154_0	26728_0
50154_0	26816_0
50154_0	26823_0
50154_0	26826_0
50154_0	26827_0
50154_0	26828_0
50154_0	26829_0
50154_0	26830_0
50154_0	26831_0
50154_0	27750_0
50154_0	27751_0
50154_0	27788_0
50154_0	27789_0
50154_0	27790_0
50154_0	50090_0
50157_0	50157_0
50166_0	50166_0
50185_0	50185_0
50189_0	50189_0
